Entry #,Title,Branch,Themes,Content,Source(s),Date Added,Evolution
1,JIM PALMER - UNHINGED AS NECESSARY OPENING,Foundational,unhinged|deconstruction|religion|philosophy,"It's unfortunate that the term 'unhinged' has mostly a negative connotation. We would all do well to become unhinged every now and again. As a verb, to unhinge is to open what has been closedto detach from fixed perception. The negative association reveals our cultural fear of losing control, but what if control itself is the cage? Palmer suggests unhinged as a threshold where ordinary perception's hinges break, allowing new seeing to occur. This aligns with mystical traditions: the breakdown of ego opens awareness to deeper reality. The question is not whether unhinging occurs but what one meets in the openingrecoil from the void or embrace of what lies beyond?",https://jimpalmerauthor.substack.com/p/unhinged,2026-01-02,"Initial concept deconstruction: unhinged as necessary opening rather than pathology"
2,EXISTENTIALISM - THE AUTHENTIC LIFE AGAINST ABSURDITY,Foundational,philosophy|existentialism|human condition|absurdity|authenticity,"Existentialism is a family of philosophical views and inquiry that explore the human individual's struggle to lead an authentic life despite the apparent absurdity or incomprehensibility of existence. The unhinged moment occurs when one confronts this fundamental meaninglessness head-on. The hinge that attaches life to pre-given meaning breaks. What follows determines everything: the existential rebel (Camus) embraces absurdity and creates meaning through revolt, while the nihilist recoils into despair or destructiveness. Existentialism reveals unhinged as the necessary crucible where authentic existence is forgedthe moment when inherited meanings dissolve and one must either create or collapse.",https://en.wikipedia.org/wiki/Existentialism,2026-01-02,"Foundational framework: unhinged as confrontation with meaninglessness, pivot point for choice"
3,FRIEDRICH NIETZSCHE - UNHINGED BY GOD'S DEATH,Both,philosophy|nihilism|unhinged|madness|god's death|threshold,"Nietzsche's philosophy embodies the unhinged state through his declaration that 'God is dead'the ultimate hinge-breaking event in Western thought. When the divine guarantee of meaning collapses, reality's metaphysical hinges give way. Nietzsche stands at this threshold, simultaneously recoiling and reconstructing. The 'madman' who announces God's death wanders through marketplaces as if unhinged, because he sees what others cannot: the void where meaning once anchored existence. His work explores both branches of unhinged: the nihilistic despair that follows when values collapse (destructive chaos) and the Ubermensch who creates new values from freedom (constructive liberation). Nietzsche's own psychological breakdown suggests he lived what he philosophizedthe unhinged state as both catastrophic opening and portal to revaluation.",https://en.wikipedia.org/wiki/Friedrich_Nietzsche,2026-01-02,"Dual trajectory revealed: same unhinging event can lead to destruction or liberation"
4,ALBERT CAMUS - THE ABSURD HERO'S UNHINGED FREEDOM,Constructive,philosophy|absurdism|existentialism|unhinged|rebellion|revolt,"Camus confronts the unhinged state as the absurd condition: humanity's desperate search for meaning collides with a universe that offers none. The hinge between human need and cosmic silence breaks permanently. Camus's distinction is crucial: he rejects suicide (recoil from the void) and philosophical escapism (false hinge), instead choosing revoltcontinuous confrontation with absurdity as liberating. Sisyphus becomes the archetype of constructive unhingedness: eternally rolling the stone, yet fully conscious and embracing this meaningless labor. The unhinged moment becomes not despair but freedom, for when no meaning can be found, none can be imposed. This is the creative branch of unhinged: not fleeing from meaninglessness but making it the ground of authentic existence.",https://en.wikipedia.org/wiki/Albert_Camus,2026-01-02,"Constructive branch articulated: revolt as creative response to unhinged state"
5,ABSURDISM - THE UNHINGED REALITY ITSELF,Foundational,philosophy|absurdism|existentialism|meaninglessness|irrational|conflict,"Absurdism is the philosophical theory that the universe is irrational and meaningless. It states that trying to find meaning leads people into conflict with a seemingly meaningless world. This conflict is itself unhingedthe state of living between two incompatible realities: rational humanity and irrational universe. Absurdism reveals that the unhinged state is not an occasional breakdown but the fundamental human condition. We are always already unhinged, though most of us maintain the illusion of hinges through denial, distraction, or manufactured meaning. Camus shows that recognizing this absurd condition is the first step toward freedom: the hinge never truly held, and our unhinged recognition is authentic awakening to reality as it is.",https://en.wikipedia.org/wiki/Absurdism,2026-01-02,"Foundational synthesis: unhinged as fundamental condition, not occasional breakdown"
6,GEORG WILHELM FRIEDRICH HEGEL - UNHINGED AS NECESSARY DIALECTICAL MOMENT,Both,philosophy|dialectic|unhinged|rationality|synthesis|threshold,"Hegel's dialectical thinking reveals unhinged states as necessary moments in consciousness's development. For Hegel, every thesis carries its own contradiction (antithesis), and their collision produces a new synthesiswhat he calls Aufhebung, a sublation that both cancels and preserves. This process requires unhinging: the old form must break open for the new to emerge. Hegel's own history exemplifies thishis difficult, dense philosophy exploded Enlightenment rationality's hinges by incorporating contradiction and negation into the movement of Spirit itself. The unhinged moment in Hegel is not breakdown but breakthrough: consciousness standing at the threshold where its current form has become inadequate to its truth, necessarily breaking open to contain the larger reality it has encountered.",https://en.wikipedia.org/wiki/Georg_Wilhelm_Friedrich_Hegel,2026-01-02,"Dialectical dimension: unhinged as necessary developmental breakthrough, not breakdown"
7,TERENCE MCKENNA - DELIBERATE UNHINGING THROUGH PSYCHEDELICS,Constructive,philosophy|ethnobotany|psychedelics|shamanism|consciousness|unhinged,"Terence McKenna advocated deliberate unhinging through psychedelics as a path to consciousness expansion. His philosophy centers on the idea that ordinary reality is a culturally constructed 'reality tunnel' and that psychedelics dissolve these constructed hinges, revealing deeper dimensions of consciousness. Critics dismissed him as mad, but McKenna embraced thisrecognition that the 'unhinged' state in mainstream culture simply means no longer aligned with consensual reality. His 'novelty theory' and concept of the 'archaic revival' both represent attempts to articulate what one sees when reality's hinges dissolve. McKenna embodies the constructive branch of unhinged: not recoiling from psychedelic dissolution but systematically exploring it as a gateway to more fundamental reality.",https://en.wikipedia.org/wiki/Terence_McKenna,2026-01-02,"Methodological extension: deliberate unhinging through psychedelics as gateway"
8,ALICE'S ADVENTURES IN WONDERLAND - DESCENT INTO UNHINGED REALITY,Constructive,literature|nonsense|madness|unhinged|fantasy|threshold,"Alice's Adventures in Wonderland is not merely children's fantasy but a profound exploration of unhinged consciousness. Alice falls down the rabbit holeliterally unhinged from ordinary realityand enters a world where logic's hinges have dissolved. The nonsensical riddles, changing sizes, and arbitrary rules mirror the experience of consciousness when its normal structures collapse. Crucially, Alice does not recoil from this chaos; she navigates it with curious adaptability, engaging with absurdity rather than fleeing. The story suggests that the unhinged state, while disorienting, is not inherently destructive. Alice's journey through wonderland and back represents a constructive unhinging: entering chaos, surviving it, and returning transformed, having outgrown the too-small reality she once inhabited.",https://en.wikipedia.org/wiki/Alice%27s_Adventures_in_Wonderland,2026-01-02,"Literary confirmation: navigate chaos rather than recoil, return transformed"
9,JOKER (CHARACTER) - DESTRUCTIVE UNHINGED AS NIHILISTIC RECOIL,Destructive,fiction|supervillain|madness|chaos|unhinged|existential|nihilism,"The Joker embodies the destructive chaos branch of unhinged. His backstory varies but consistently centers on trauma that breaks his attachment to social meaning, followed by a recoil that becomes nihilistic destruction. The Joker doesn't seek liberation; he seeks to prove that meaning was always a lie. His unhinged state manifests as terroristic chaos because, having recognized the void, he cannot abide any pretense of order. This distinguishes him from constructive unhinged figures: rather than creating new meaning or embracing the opening as portal, he uses it to destroy others' hinges. The Joker is what happens when unhinged leads to despair rather than creationthe violent conviction that since nothing matters, nothing should be preserved.",https://en.wikipedia.org/wiki/Joker_(character),2026-01-02,"Destructive branch defined: unhinged as recoil leading to nihilistic destruction"
10,THE MATRIX (FILM) - RED PILL AS DELIBERATE UNHINGING,Constructive,film|science fiction|simulation|reality|existential|unhinged|awakening,"The Matrix presents unhinging as awakening from simulated reality. Neo's choice to take the red pill represents deliberate unhingingdetaching from the comfortable illusion that has anchored his entire existence. The following process of liberation is physically painful and psychologically devastating: Neo's body is atrophied from the pod, his mind reels from the revelation that his life was a simulation. This is the unhinged threshold: everything one believed was real dissolves. Crucially, Neo's trajectory follows the constructive branch. Though initially overwhelmed, he ultimately learns to operate within both realities, becoming stronger through unhinging rather than broken by it. Agent Smith represents the alternative: a program unhinged from the matrix but unable to find new purpose, recoiling into hatred of all existence.",https://en.wikipedia.org/wiki/The_Matrix,2026-01-02,"Constructive awakening: deliberate unhinging leads to strength, not brokenness"
11,LA BELLE VERTE - NATURAL CONSCIOUSNESS AS UNHINGED FROM SOCIETY,Constructive,film|French|ecology|spirituality|unhinged|liberation|natural,"La Belle Verte (The Green Beauty) presents unhinged not as madness but as liberation from the artificial hinges of modern society. Mila, an alien from an advanced utopian planet, arrives on Earth and finds human consciousness constrained by rigid social structures, disconnected from natural rhythms. What humans call 'normal'constant work, consumption, anxietyshe recognizes as pathological constraint. Mila's unhinged behavior by human standards (sleeping in parks, disregarding money, speaking directly about taboo topics) actually represents natural sanity. The film suggests that modern humans are perpetually unhinged from their true nature, and that what we call madness might be the psyche's attempt to restore authentic connection. Mila embodies constructive unhinged: her alien perspective is not detached confusion but grounded clarity, revealing that our 'hinged' social reality may be the real delusion.",https://en.wikipedia.org/wiki/La_Belle_Verte,2026-01-02,"Natural consciousness: unhinged from society as restoration of authentic connection"
12,DIVINE MADNESS - THE SACRED UNHINGED STATE,Constructive,divine madness|philosophy|religion|mysticism|threshold,"Divine madness across traditions reveals unhinged not as pathology but as portal to sacred reality. Greek philosophy (Plato), Sufi mysticism, and Christian mysticism all recognize states where ordinary consciousness breaks open and something larger flows through. The key distinction from ordinary madness is that divine madness is oriented toward truth or beautyit is a coherent surrender, not random disintegration. The prophetic tradition's 'crazy' behaviorIsaiah walking naked, Ezekiel lying on his side for daysrepresents unhinged normality: their social hinges break because they are hinged to divine reality. This category of unhinged challenges psychiatric reductionism: perhaps some 'breakdowns' are breakthroughs, some 'psychosis' is genuine vision, and the hinge between madness and holiness is not what we thought.",https://en.wikipedia.org/wiki/Divine_madness,2026-01-02,"Sacred dimension emerges: unhinged as portal to divine reality, not pathology"
13,PLATO'S FOUR TYPES OF DIVINE MADNESS - CONSTRUCTIVE UNHINGED THROUGH INSPIRATION,Constructive,philosophy|Plato|divine madness|prophecy|inspiration|threshold,"In his dialogue Phaedrus, Plato identifies four forms of divine madness: prophetic (Apollo), ritual/cathartic (Dionysus), poetic (Muses), and erotic (Aphrodite). Each represents a type of unhinging where ordinary rational consciousness is temporarily displaced by something larger and more powerful. Crucially, Plato argues these are not forms of insanity but superior states of being. Prophetic madness allows perception of future truth; poetic madness channels beauty beyond individual creation; erotic madness connects to divine beauty itself. Plato's insight reverses the stigma: unhinged from ordinary rationality may be precisely what allows connection to deeper reality. The constructive branch of unhinged here is clear: madness as method, not madness as malfunction deliberate or sanctioned breaking of consciousness's usual hinges to access what ordinary mind cannot reach.",https://en.wikipedia.org/wiki/Divine_madness,2026-01-02,"Methodological insight: unhinged as sanctioned method to access deeper reality"
14,BIBLICAL PROPHETS: GOD-COMMANDED UNHINGING,Constructive,Bible|prophets|divine madness|unhinged|symbolic action|truth,"The Old Testament prophets displayed bizarre behavior that by today's secular standards would be considered insanitybut these actions were COMMANDED BY GOD as symbolic acts conveying divine messages. Isaiah stripped naked and wandered around (Isaiah 20). Jeremiah hid his underwear in a rock and later retrieved it (Jeremiah 13). Hosea married a prostitute to symbolize God's relationship with faithless Israel (Hosea 1-3). These acts unhinged the prophets from normal social functioning precisely because they were hinged to a different reality: divine truth that required dramatic, embodied communication. Their 'madness' was not pathology but prophetic methodologybreaking ordinary behavior's hinges because ordinary language and conventional action could not convey what needed to be shown. This represents constructive unhinged: deliberate disruption of social norms as vehicle for sacred truth.",https://catholicexchange.com/crazy-prophets-old-testament/,2026-01-02,"Pattern confirmed: unhinged from social = hinged to divine truth"
15,PROPHETIC CHARACTER: UNHINGED BY DIVINE REALITY,Constructive,Bible|prophets|divine madness|unhinged|marginality|truth,"'There is a divine madness: this marks the Old Testament prophets. This is uncomfortable to have beside the way we operate' (Ian Breward). The biblical prophets don't fit in easily like other people; they often seem to be off on a tangent. But this apparent disconnection from social norms is actually their hinged connection to divine reality. The prophet's unhinged qualityspeaking uncomfortable truths, embodying symbolic actions, refusing to compromisestems from being anchored to something that makes social conformity impossible. This connects to the broader theme: unhinged from one reality (social, conventional) is simultaneously hinged to another (divine, ultimate). The prophetic discomfort Breward notes is the discomfort of those who have seen through ordinary reality's hinges and cannot pretend they hold anymore.",https://www.kingwatch.co.nz/Prophetic_Ministry/character.htm,2026-01-02,"Core principle established: unhinged from one reality = hinged to another"
16,ABRAHAM HESCHEL ON PROPHETIC SPIRIT - THE UNBEARABLE EXTREMIST,Constructive,Bible|prophets|divine madness|existential|extremism|truth,"Abraham Heschel describes the prophet as an 'unbearable extremist' who 'disdains those for whom God's presence is comfort and security; to him it is a challenge.' This captures the unhinged quality of prophetic consciousness: it cannot rest in comfortable compromise or partial alignment with truth. The prophet is unbearably extreme precisely because they have encountered reality in its fullness and cannot accommodate anything less. Their social hinges break because they are hinged to absolute truth that makes ordinary accommodation feel like betrayal. Heschel's insight reveals why unhinged states in service of truth appear pathological to the comfortable: the prophet has become 'divinely abnormal,' as Heschel puts it, and this abnormality is not a defect but a necessity of their vocation. The hinge connecting them to divine truth simultaneously unhinges them from ordinary social reality.",https://www.kingwatch.co.nz/Prophetic_Ministry/character.htm,2026-01-02,"Extremism redefined: absolute truth makes accommodation impossible"
17,PHAEDRUS'S BREAKDOWN - THE CONSCIOUSNESS THAT BROKE THROUGH,Constructive,constructive liberation|unhinged|philosophy|identity|breakthrough,"Phaedrus, the central consciousness in Zen and the Art of Motorcycle Maintenance, experiences what psychiatry calls a mental breakdown but what the narrative reveals as a breakthrough. Using Western analytic philosophy's toolsthe 'knife of analysis'he cuts deeper and deeper into the nature of Quality until the cutting itself disappears into what it was cutting. The hinge between subject and object, knower and known, dissolves. This unhinged state was diagnosed as schizophrenia, but the narrative suggests it was actually a philosophical awakening: Phaedrus encountered a truth (Quality) that exists before the subject-object split, and his consciousness had to unhinge from ordinary dualistic perception to comprehend it. His later reintegration, under electroshock therapy, represents society forcing the hinge back into placebut the door had been opened, and the truth seen could not be unseen.",https://en.wikipedia.org/wiki/Zen_and_the_Art_of_Motorcycle_Maintenance,2026-01-02,"Constructive liberation breakthrough: diagnosed breakdown as philosophical awakening"
18,THE METAPHYSICS OF QUALITY - TRANSCENDING DUALITY THROUGH UNHINGING,Constructive,constructive liberation|philosophy|transcendence|unhinged|quality|pre-conceptual,"The Metaphysics of Quality represents the constructive branch of unhinged: instead of the hinge breaking into destructive chaos (nihilism), it breaks open to reveal a more fundamental unity that preceded the separation. Pirsig's insight is that Quality exists before the subject-object splitbefore the hinge that ordinary consciousness relies on. To encounter Quality directly is to be unhinged from dualistic perception: the knower and known merge, the evaluator and evaluated become one. This is not madness but metaphysical awakening. The 'madness' of Phaedrus was his refusal to remain satisfied with analytical philosophy's incomplete explanations, pushing instead to the pre-conceptual ground where analysis itself originates. The Metaphysics of Quality is thus the philosophical articulation of what one sees after unhinging from ordinary perception: reality before it gets cut into subjects and objects.",https://www.litcharts.com/lit/zen-and-the-art-of-motorcycle-maintenance/characters/phaedrus,2026-01-02,"Metaphysical articulation: Quality exists before subject-object split, hinge dissolution reveals unity"
19,CLASSICAL AND ROMANTIC INTEGRATION - REHINGING UNIFIED CONSCIOUSNESS,Constructive,constructive liberation|duality|philosophy|unhinged|integration,"Zen and the Art of Motorcycle Maintenance presents two ways of engaging with reality: the classical (analytical, rational, underlying form) and the romantic (aesthetic, immediate, surface beauty). Most people inhabit one or the other, stuck behind their chosen hinge. Phaedrus's unhinged insight was that Quality connects these apparently opposed modesit is the pre-conceptual reality that makes both classical understanding and romantic appreciation possible. The constructive unhinged path leads not to abandonment of rationality but to its reintegration with aesthetic perception. This is crucial: unhinged does not mean anti-intellectual or irrationalit means transcending the false separation between ways of knowing. The rehinged consciousness that follows unhinging is more inclusive, not less: it can think analytically and feel aesthetically simultaneously, recognizing Quality as the ground of both.",https://en.wikipedia.org/wiki/Zen_and_the_Art_of_Motorcycle_Maintenance,2026-01-02,"Integration not abandonment: constructive unhinged unifies apparently opposed modes"
20,THE KNIFE OF ANALYSIS - CUTTING BEYOND REASON INTO UNHINGED TRUTH,Constructive,constructive liberation|philosophy|identity|unhinged|analysis|dissolution,"'But he saw a sick and ailing thing happening and he started cutting deep and deeper with his knife into the nature of what was happening... until the knife itself had dissolved into the process it was cutting.' This passage captures Phaedrus's method: using Western reason's own toolanalysisto cut so deep that the knife itself disappears into what it was cutting. The hinge between knower and known, subject and object, dissolves under the very act of analysis. This is constructive unhinged through method: not abandoning reason but following it to its end, where it reveals its own limits and then transcends them. The 'knife' represents ordinary consciousness's cutting separations; when it dissolves, what remains is the undifferentiated ground (Quality) from which those separations emerged. Phaedrus's madness was his refusal to stop cutting when reason said 'far enough.'",https://www.litcharts.com/lit/zen-and-the-art-of-motorcycle-maintenance/characters/phaedrus,2026-01-02,"Methodological breakthrough: reason's own tool dissolves revealing ground beyond reason"
21,QUALITY AS PRE-CONCEPTUAL OPENING - THE PARADOX UNHINGED,Constructive,constructive liberation|philosophy|transcendence|unhinged|quality|paradox,"'Any philosophic explanation of Quality is going to be both false and true precisely because it is a philosophic explanation. The process of philosophic explanation is an analytic process, and Quality is not an analytic concept.' This passage captures the paradox: Quality exists before and beyond explanation, so any attempt to explain it both captures and betrays it. The hinge between language and reality breaks here. To speak of Quality philosophically is necessarily to unhinge from ordinary philosophic certainty, because the subject of philosophy cannot be contained by philosophy's methods. This constructive unhinged state is not confusion but recognition of reality's depth: some truths can only be approached indirectly, through paradox and poetry rather than proposition. The Metaphysics of Quality thus stands as a philosophical work that knowingly exceeds philosophy's limits, pointing toward what can only be shown, not said.",https://www.litcharts.com/lit/zen-and-the-art-of-motorcycle-maintenance/characters/phaedrus,2026-01-02,"Paradoxical truth: pre-conceptual reality exceeds philosophical language, requires indirect approach"
22,RAOUL DUKE - DESTRUCTIVE UNHINGED AS RECOIL FROM MEANINGLESSNESS,Destructive,destructive chaos|nihilism|absurdism|unhinged|recoil|American Dream,"Raoul Duke, Hunter S. Thompson's alter ego in 'Fear and Loathing in Las Vegas,' embodies the destructive chaos branch of unhinged through his drug-fueled descent into madness as recoil from meaninglessness. His journey to Las Vegas to chase the American Dream becomes a nihilistic spiral where every attempt to find purpose or truth is met with absurdity and chemical-induced distortion. Duke's behavior represents not liberation but destructive chaos violent rejection of societal norms that stems from recognizing the void at the heart of American culture post-1960s counterculture collapse. Unlike constructive unhinged figures who embrace the opening as portal, Duke recoils from it through escalating consumption, violence, and paranoia. His famous line 'We can't stop here. This is bat country' during hallucinations of giant bats epitomizes this trajectory: the unhinged mind retreats further into chaos rather than toward clarity.",https://en.wikipedia.org/wiki/Fear_and_Loathing_in_Las_Vegas,2026-01-02,"Destructive chaos defined: unhinged as recoil from meaninglessness into nihilistic spiral"
23,THE WAVE SPEECH - AMERICAN DREAM'S UNHINGING AND VOID,Destructive,destructive chaos|nihilism|American Dream|unhinged|counterculture|collapse,"Duke's 'wave speech' captures the existential unhinged moment of an entire generation: 'There was a fantastic universal sense that whatever we were doing was *right*, that we were winning... And that, I think, was the handlethat sense of inevitable victory over the forces of Old and Evil... So now, less than five years later, you can go up on a steep hill in Las Vegas and look West, and with the right kind of eyes you can almost *see* the high-water markthat place where the wave finally broke and rolled back.' This speech describes the unhinging of the 1960s counterculture: the hinge connecting idealism to meaning breaks as the wave crashes against reality. What follows is the void Duke inhabits drug-fueled recognition that the American Dream has become self-consuming. The Village Voice analysis notes Thompson 'permanently altered the landscape of The American Dream' by showing that psychedelic exploration led not to enlightenment but to chaos. Duke's response to this unhinged recognition is not constructive rebellion but destructive nihilism.",https://en.wikipedia.org/wiki/Fear_and_Loathing_in_Las_Vegas,2026-01-02,"Generational unhinged: collective idealism crashes, leaving void that invites recoil"
24,FEAR AND LOATHING - UNHINGED CONFRONTATION WITH ABSURDITY,Destructive,destructive chaos|absurdism|drugs|unhinged|American Dream|Thompson,"Thompson's work represents the unhinged state as brutal confrontation with absurdity, not its creative embrace. The novel connects deeply with nihilism through the failure of 1960s counterculture and the resulting vacuum of meaning. Duke's drug use is an absurdist response chaotic, self-destructive pursuit to fill the void. Key scenes exemplify this destructive trajectory: hallucinating everyone in the bar as giant lizards devouring women while under LSD; being kicked out of shows for disruptive behavior; huffing ether in hotel rooms; shooting up the desert with a .357 Magnum while hallucinating. Each episode represents another step away from coherence toward pure chaos. The Village Voice notes Thompson 'separated the myth from the reality,' showing that psychedelic exploration led not to enlightenment but to destructive unhingedness brutal confrontation with meaninglessness. Unlike Camus's absurd hero who revolts by embracing absurdity, Duke recoils through increasingly destructive behavior.",https://web.archive.org/web/20110307015848/http://blogs.villagevoice.com/runninscared/2011/03/the_american_dr.php#more,2026-01-02,"Contrast with Camus: same absurdity, recoil instead of creative revolt"
25,DUDEISM - UNHINGED AS TAOIST GOING WITH THE FLOW,Constructive,constructive liberation|Taoism|Dudeism|unhinged|wu wei|effortless action,"Dudeism, founded in 2005 by Oliver Benjamin as 'modern Taoism for the common man,' represents constructive unhinged through Taoist wu wei (effortless action). As a philosophy and lifestyle inspired by The Dude from The Big Lebowski, Dudeism's central creed'The Dude abides'encapsulates resilience through acceptance rather than resistance. The philosophy advocates 'going with the flow,' 'being cool headed,' and 'taking it easy' as ways of navigating life's difficulties in harmony with one's inner nature. This is not withdrawal but active alignment with reality's natural unfolding. The Stanford Encyclopedia of Philosophy clarifies that Taoist dao is a 'path-like structure of natural possibility' that guides behaviorDudeism translates this ancient wisdom into contemporary practice: when social hinges of ambition and materialism break, one abides in the opening rather than recoiling from it. With over 800,000 ordained priests worldwide, Dudeism demonstrates that unhinged consciousness, when oriented toward natural alignment, can become a constructive spiritual path.","https://en.wikipedia.org/wiki/Dudeism    https://grokipedia.com/page/Dudeism    https://plato.stanford.edu/entries/daoism/",2026-01-02,"Taoist integration: 'abides' as wu wei - active alignment with natural flow"
26,THE DUDE - CONSTRUCTIVE UNHINGED THROUGH EFFORTLESS ACTION (WU WEI),Constructive,constructive liberation|film|Taoism|unhinged|The Dude|Big Lebowski,"Jeffrey 'The Dude' Lebowski embodies constructive unhinged through his lived practice of Taoist wu wei (effortless action) and ziran (self-so, natural spontaneity). When society's hinges of achievement, competition, and material accumulation break, The Dude doesn't recoil into nihilistic chaos like Raoul Duke; he abides. The Stanford Encyclopedia of Philosophy explains that Taoist normativity 'is more like navigation than obedience'—The Dude navigates life's vicissitudes through effortless alignment with what is, not resistance to what should be. His ethical principle 'don't be a dick' reflects a relational, context-sensitive morality rather than rule-based authority. Unlike the Joker, who uses the unhinged opening to destroy others' hinges, The Dude preserves social harmony through tolerance and low-key acceptance. The Big Lebowski presents The Dude as what happens when unhinged consciousness meets wu wei: not breakdown but breakthrough to a way of being that works with reality's flow rather than against it. His constructive liberation manifests as 'abiding'—not passive resignation but active presence in the opening that social unhinging reveals.","https://en.wikipedia.org/wiki/Dudeism    https://grokipedia.com/page/Dudeism    https://plato.stanford.edu/entries/daoism/",2026-01-02,"Normative insight: navigation not obedience - relational morality over rules"
27,TAOIST PHILOSOPHY AND CONSTRUCTIVE UNHINGED - ZIRAN AS SELF-REALIZATION,Constructive,philosophy|Taoism|constructive liberation|unhinged|priority monism|ziran,"The Stanford Encyclopedia of Philosophy reveals that Daoist metaphysics centers on ziran (self-so, naturally, spontaneously)the way all things 'naturally self-realize' their potential within the larger cosmic dao. This provides the philosophical foundation for constructive unhinged: when ordinary consciousness's artificially maintained hinges break open, what is revealed is not void but the opportunity for zirannatural self-realization. The SEP explains that Daoism embraces 'priority monism': the whole is prior to its parts. This explains why constructive unhinged consciousness, when constructive, experiences a sense of wholeness rather than fragmentationthe ego's separation from reality was always illusory, and unhinging reveals the deeper unity that was there all along. Knowledge in Daoism is 'knowing-how' rather than 'knowing-that': practical virtuosity at finding and following natural paths. The Dude's 'abiding' is precisely this: the cultivated capacity to recognize and flow with reality's unfolding possibilities. Constructive unhinged, in Taoist terms, is simply removing the artificial obstructions that prevent ziran from occurring naturally.",https://plato.stanford.edu/entries/daoism/,2026-01-02,"Metaphysical foundation: priority monism explains wholeness after unhinged fragmentation"
29,SIDDHARTHA - UNHINGED FROM TEACHERS,Constructive,constructive liberation|Siddhartha|Buddhism|self-discovery|experience,"The novel Siddhartha represents the constructive branch of unhinged through the protagonist's deliberate rejection of all teachers and doctrines. When Siddhartha meets the enlightened Gautama Buddha, he famously refuses to follow him, recognizing that wisdom cannot be transmitted through teaching but must be individually realized. This is unhinged from conventional spiritual authoritySiddhartha detaches from the comforting hinge of following a master to find his own path. The Stanford Encyclopedia of Philosophy notes that the Buddha's teachings concern the quest for liberation from suffering, yet Siddhartha's insight is that liberation cannot be achieved by following another's method, no matter how enlightened the source. His unhinging from teachers is not destructive rebellion but constructive liberation: the recognition that authentic awakening requires breaking the hinge of external authority to discover truth directly through lived experience.","https://en.wikipedia.org/wiki/Siddhartha_(novel)    https://plato.stanford.edu/archives/fall2016/entries/buddha/",2026-01-02,"Constructive unhinged as rejection of external authority for authentic discovery"
30,EXPERIENCE OVER INTELLECT - SIDDHARTHA'S METHOD,Constructive,constructive liberation|Siddhartha|experience|intellect|enlightenment,"Siddhartha reveals that enlightenment comes through the totality of lived experience, not through intellectual methods or immersion in worldly pleasures. The novel shows that individual eventsSiddhartha's time with the Samanas, his immersion in love and business, his despair at the riverare meaningless when considered in isolation, yet each contributes essential experience that enables understanding. This represents constructive unhinging: Siddhartha unhinges from both ascetic denial and worldly indulgence to embrace the completeness of experience. Unlike the destructive unhinged trajectory of Raoul Duke, who retreats from experience through drugs, Siddhartha enters experience fully and learns from it. The Stanford Encyclopedia of Philosophy explains that the Buddha's core insight is that suffering originates from ignorance concerning our true identity, and Siddhartha's method is to discover this truth through the crucible of experience rather than through philosophical analysis or withdrawal. His journey demonstrates that the unhinged mind, when constructively oriented, becomes a laboratory for awakening rather than a chamber of despair.",https://en.wikipedia.org/wiki/Siddhartha_(novel),2026-01-02,"Constructive unhinged as embracing completeness of experience over compartmentalization"
31,THE RIVER AS PORTAL TO TIMELESSNESS,Constructive,constructive liberation|Siddhartha|river|time|unity|Om,"The river in Siddhartha represents the ultimate constructive unhinged statethe threshold where ordinary linear time dissolves into timeless unity. When Siddhartha listens to the river with Vasudeva, he realizes that time is an illusion and that all experiences, even suffering, are part of a cyclical unity. The ferryman's secret: 'There is no such thing as time. The river is everywhere at the same time at the source and at the mouth, at the waterfall, at the ferry, at the current, in the ocean and in the mountains, everywhere.' This is unhinged consciousness: the hinge that separates past, present, and future breaks open to reveal simultaneous wholeness. Unlike Raoul Duke, who experiences the destruction of time through drug-induced chaos, Siddhartha experiences the transcendence of time through awakened awareness. The Stanford Encyclopedia of Philosophy discusses the Buddhist concept of two truthsconventional and ultimateand Siddhartha's river vision represents the ultimate truth: the cessation of suffering through realization that all distinctions are ultimately illusory. His unhinged state is not breakdown but breakthrough to reality's timeless flow.",https://en.wikipedia.org/wiki/Siddhartha_(novel),2026-01-02,"Constructive unhinged as transcendence of linear time into cyclical unity"
32,THE SACRED OM AS UNHINGING WORD,Constructive,constructive liberation|Siddhartha|Om|sacred|sound|awakening,"The sacred syllable Om represents in Siddhartha the portal through which unhinged consciousness accesses deeper reality. When Siddhartha falls into meditative sleep contemplating suicide, he is saved only by an internal experience of Omthe holy word that dissolves the hinge between life and death, despair and awakening. This episode exemplifies constructive unhinged: at the moment when the hinge between existence and non-existence threatens to break destructively, Om opens it constructively to reveal the timeless present. The Stanford Encyclopedia of Philosophy explains that Buddhist teachings concern liberation from suffering, and Siddhartha's experience of Om is precisely this liberationthe moment when consciousness unhinges from identification with the limited ego and expands into sacred reality. Unlike destructive unhinged figures who retreat from the void through annihilation, Siddhartha enters the void through sacred sound and finds therein not emptiness but fullness. Om becomes the hinge-breaker that doesn't destroy but opens the door to what was always there: the oneness of all things that conventional perception's hinges had separated.",https://en.wikipedia.org/wiki/Siddhartha_(novel),2026-01-02,"Sacred sound as portal through unhinged threshold to deeper reality"
33,THE MIDDLE PATH AS UNHINGED NEITHER-SELF,Both,philosophy|Buddhism|Siddhartha|non-self|middle path,"The Buddha's 'middle path' teaching, as explained in the Stanford Encyclopedia of Philosophy, represents unhinged as the rejection of two extreme hingeseternalism and annihilationism. Eternalism claims persons are eternal; annihilationism claims persons cease at death. Both share the presupposition that there is an 'I' whose existence might extend beyond death or terminate. The middle path unhinges this presupposition by showing that sentient beings are nothing more than a causal series of impermanent, impersonal psychophysical elements. Siddhartha's journey embodies this teaching: he neither clings to eternal identity through ascetic practices nor annihilates himself through worldly indulgence. His unhinged state is 'neither the same nor different' the person in one life is neither identical with nor distinct from the person in another life. This is constructive unhinged when realized as freedom from the burden of maintaining a false self-construct. It becomes destructive when misunderstood as nihilism. The key difference: Siddhartha's middle path leads to liberation through recognition of non-self, while Raoul Duke's recoil leads to despair through collapse of self without realization.","https://plato.stanford.edu/archives/fall2016/entries/buddha/    https://en.wikipedia.org/wiki/Siddhartha_(novel)",2026-01-02,"Middle path as unhinged rejection of extremes through neither-same-nor-different"
34,THE RIVER'S VOICES - UNHINGED FROM SEPARATION,Constructive,constructive liberation|Siddhartha|river|voices|unity|interconnection,"The ferryman Vasudeva teaches Siddhartha that the river has many voices, all significant messages to any who might listen. Siddhartha realizes that these voices are not separate but the same river speaking in different waysthe river is everywhere at once, its source, current, and mouth all existing simultaneously in the eternal present. This represents constructive unhinged from the illusion of separation: the hinge that divides one thing from another, one moment from another, one self from others, breaks open to reveal underlying unity. The Stanford Encyclopedia of Philosophy explains that the Buddhist doctrine of non-self means there is nothing that the word 'I' genuinely denotesour sense of separate self is a useful fiction that past a certain point causes suffering. Siddhartha's river vision is the constructive unhinged response: instead of recoiling from the dissolution of self into nihilistic despair (as Raoul Duke does), he embraces the dissolution into ecstatic recognition that he is the river and the river is him. This is unhinged consciousness as portal to oneness rather than precipice to void.","https://en.wikipedia.org/wiki/Siddhartha_(novel)    https://plato.stanford.edu/archives/fall2016/entries/buddha/",2026-01-02,"Constructive unhinged as recognition that separation is illusion, all is one"
35,KAMALA AND THE WORLD OF SAMSARA,Constructive,constructive liberation|Siddhartha|love|samsara|suffering|worldliness,"Siddhartha's immersion in the world with Kamala represents his deliberate entry into samsarathe cycle of worldly existence. He becomes wealthy, indulges in love and business, and falls into gambling and excess. This could be read as destructive unhinged: the ascetic who loses his way to worldly temptation. But the novel reveals this as constructive unhinged: Siddhartha must exhaust worldly experience to recognize its insufficiency. The Stanford Encyclopedia of Philosophy explains that the Buddha's teachings center on liberation from suffering, and Siddhartha realizes that liberation cannot be achieved by avoiding suffering but by fully experiencing it and transcending it through understanding. His worldly phase is unhinged from ascetic purity precisely so he can discover that purity is not achieved through avoidance but through embracing all experience and finding within it the seed of liberation. Unlike Raoul Duke, who remains trapped in samsara through recoil, Siddhartha enters samsara consciously and exits transformed, having learned that the world is not an obstacle to awakening but its field.",https://en.wikipedia.org/wiki/Siddhartha_(novel),2026-01-02,"Constructive unhinged as conscious immersion in samsara to transcend it"
36,VASUDEVA THE FERRYMAN - UNHINGED WISDOM,Constructive,constructive liberation|Siddhartha|Vasudeva|ferryman|wisdom|listening,"Vasudeva, the elderly ferryman, embodies constructive unhinged wisdom. He is described as a 'simple man' yet possesses profound spiritual insight, having learned everything from the river. Vasudeva represents unhinged from conventional learning: he has no formal education, no scriptures, no teachers, yet he understands the river's secrets of timelessness and unity. The Stanford Encyclopedia of Philosophy notes that some scholars question whether the Buddha valued philosophical rationality for its own sake or only as a means to liberation, and Vasudeva exemplifies the latter positionhe doesn't philosophize about the river, he simply listens and knows. His unhinged state is not the breakdown of reason but the transcendence of reason through direct perception. Unlike intellectuals who might be 'unhinged' when their rational frameworks fail, Vasudeva is never attached to rational frameworks at allhe abides in the river's presence, learning its teachings directly. His wisdom shows that constructive unhinged consciousness doesn't require intellectual sophistication but rather the capacity to listen to what reality itself is saying.",https://en.wikipedia.org/wiki/Siddhartha_(novel),2026-01-02,"Constructive unhinged wisdom as simple direct listening without intellectual mediation"
37,THE UNATTAINABLE SON - UNHINGED ATTACHMENT,Both,constructive liberation|attachment|Siddhartha|son|letting go|suffering,"Siddhartha's son represents the final lesson of his journey: the unhinged recognition that attachment, even to one's own child, must ultimately be surrendered. When Kamala dies and Siddhartha discovers his son, he attempts to raise the boy, but the child resists fiercely and eventually runs away. Siddhartha's initial impulse is to follow him, to force his presence and will on the boy, but Vasudeva urges him to let the child find his own path just as Siddhartha did. This is unhinged from the parental hinge that demands control and possession of offspring. The Stanford Encyclopedia of Philosophy explains that the Buddhist teaching of non-self extends to all attachmentsour sense of ownership over others, even our children, is a source of suffering. Siddhartha's unhinged moment of letting go is constructive when he recognizes that his son's path is not his to determine, destructive if he clings in possessive despair. The river teaches Siddhartha that his son's journey, like all journeys, is part of the great unitythe boy's departure is not loss but movement within the whole. This is constructive unhinged as surrender of attachment to the greater flow of life.","https://en.wikipedia.org/wiki/Siddhartha_(novel)    https://plato.stanford.edu/archives/fall2016/entries/buddha/",2026-01-02,"Constructive unhinged as surrender of attachment to allow others their own paths"
38,GOVINDA'S KISS - UNHINGED TRANSMISSION,Constructive,constructive liberation|Siddhartha|Govinda|kiss|awakening|transmission,"The novel's climax occurs when Govinda, Siddhartha's childhood friend who became a Buddhist monk, seeks out the enlightened ferryman to learn his wisdom. Siddhartha replies that for every true statement there is an opposite that is also true; language and time lead people to adhere to fixed beliefs that don't capture the fullness of truth. He urges Govinda to identify and love the world in its completeness, then requests him to kiss his forehead. When Govinda does, he experiences the same visions of timelessness that Siddhartha saw with Vasudeva by the river. This represents constructive unhinged transmission: wisdom is not conveyed through words but through direct transmission beyond language. The Stanford Encyclopedia of Philosophy notes the Buddha's refusal to answer metaphysical questions, explaining that they rest on false presuppositions, and Siddhartha's kiss operates similarlyit bypasses the hinge of conceptual thought to transmit direct knowing. Unlike the Joker, who uses unhinged states to destroy others' understanding, Siddhartha uses unhinged transmission to awaken Govinda to the deeper reality beyond all concepts.","https://en.wikipedia.org/wiki/Siddhartha_(novel)    https://plato.stanford.edu/archives/fall2016/entries/buddha/",2026-01-02,"Constructive unhinged transmission beyond words through direct experience"
39,STANLEY IPKISS - THE PERSONA AS UNHINGED REPRESSION,Both,film|The Mask|Jungian|persona|unhinged|repression,"Stanley Ipkiss exemplifies Jung's concept of the personathe social mask we present to meet expectations while concealing our authentic self. As a 'too nice for his own good' bank clerk, Stanley is 'hinged' to social conformity: unable to assert himself, mocked by coworkers, living in quiet humiliation. His desires, anger, and confidence are buried beneath a crushing need for approval. The Stanford Encyclopedia of Philosophy's exploration of personal identity raises the question: which Stanley is realthe repressed persona or the shadow waiting to emerge? The film suggests that the persona, while socially functional, is itself a form of pathological constraint: a self so firmly hinged to external expectations that it has lost touch with its authentic vitality. Unhinged consciousness, in this Jungian framework, is the moment when the persona cracks and the shadow demands recognition.",https://en.wikipedia.org/wiki/The_Mask_(film)    https://simplyputpsych.co.uk/mind-over-media/somebody-stop-me-a-jungian-dive-into-the-mask    https://plato.stanford.edu/entries/identity-personal/,2026-01-03,"Jungian framework: persona as hinged social self, unhinged when shadow breaks through"
40,THE ANCIENT MASK AS PORTAL TO SHADOW - UNHINGING THE REPRESSED,Both,film|The Mask|Jungian|shadow|unhinged|transformation,"The wooden mask Stanley discovers is not merely a magical artifact but a portal to his shadowthe unconscious aspect containing everything the ego represses: lust, rage, ambition, playfulness, chaos. Jung warned that unacknowledged shadows don't vanish but fester, and The Mask externalizes this truth: when Stanley dons it, he becomes 'everything he believes he's not allowed to be.' The unhinged state here is the release of repressed energies that civilization demands we suppress. Unlike constructive unhinged paths where repressed material is transformed into liberation (Siddhartha's immersion in samsara), Stanley's shadow release becomes chaotic performance: aggressive confidence, violent rebellion, cartoon physics without integration. The film asks: can shadow energy be channeled constructively, or does its release inevitably descend into destruction? This connects to the broader unhinged hypothesis: the opening can become playground or precipice depending on what enters through it.",https://en.wikipedia.org/wiki/The_Mask_(film)    https://simplyputpsych.co.uk/mind-over-media/somebody-stop-me-a-jungian-dive-into-the-mask    https://en.wikipedia.org/wiki/Shadow_(psychology),2026-01-03,"Shadow release as unhinged opening: liberation or chaos?"
41,EXTERNAL VS INTERNAL UNHINGING - THE MASK'S PHILOSOPHICAL PROBLEM,Both,film|The Mask|philosophy|authenticity|transformation|unhinged,"The Mask raises a crucial philosophical question: is liberation authentic when achieved through external artificial means? Unlike sacred unhinged states (biblical prophets, Siddhartha's awakening) or philosophical breakthroughs (Phaedrus's Metaphysics of Quality) where transformation emerges from inner realization, Stanley's transformation comes from putting on an external artifact. The Stanford Encyclopedia of Philosophy's exploration of personal identity through time captures the problem: which identity persiststhe timid clerk or the cartoon trickster? The film suggests both are authentic aspects of one person, with the mask enabling temporary access to suppressed capacities. However, the cyclical return to repression when the mask wears off reveals the problem: artificial unhinged transformations don't integrate. This contrasts with Eastern paths where liberation is permanent because it comes from within, not from external objects. The tension reveals the distinction between authentic unhinged liberation (inner transformation that endures) and artificial unhinged performance (external transformation that is fleeting).","https://en.wikipedia.org/wiki/The_Mask_(film)    https://plato.stanford.edu/entries/identity-personal/,2026-01-03,"Core tension: artificial external unhinging vs authentic inner liberation"
42,THE CARTOON PERSONA - UNHINGED AS CREATIVE PERFORMANCE,Constructive,film|The Mask|performance|creativity|unhinged|play,"When Stanley wears the mask, he transforms into a living cartoonanimated elasticity, impossible physics, exaggerated expressions. This represents unhinged consciousness as creative liberation through performance, where ordinary reality's constraints dissolve into playful possibility. Unlike destructive unhinged figures who recoil from reality's void (Joker, Raoul Duke), The Mask persona embraces the opening with exuberant creativity: moves between walls, defies gravity, manifests objects. This constructive unhinged path suggests that when reality's hinges break, the opening can become a playground rather than precipice. The Jungian analysis reveals this as shadow expression repressed too long: Stanley's creative, playful, chaotic energies were stifled by his crushing persona, and the mask releases them as cartoon exuberance. However, the problem remains: this is performance without integration. The film asks whether true liberation requires integrating shadow energies into authentic self, or whether temporary release through performance has value even without permanence.",https://en.wikipedia.org/wiki/The_Mask_(film)    https://simplyputpsych.co.uk/mind-over-media/somebody-stop-me-a-jungian-dive-into-the-mask,2026-01-03,"Constructive unhinged as creative playground, yet performance without integration"
43,THE CYCLICAL RETURN - TEMPORARY UNHINGING VS PERMANENT LIBERATION,Both,film|The Mask|cyclical|transformation|integration|unhinged,"The mask's power wears off at dawn, forcing Stanley to return to his ordinary hinged selfthis cyclical pattern reveals unhinged consciousness as temporary state rather than permanent liberation. Unlike sacred unhinged states where transformation endures (prophets' divine connection, Siddhartha's enlightenment, Phaedrus's breakthrough), The Mask's transformation is artificial and fleeting. The Stanford Encyclopedia of Philosophy's questions of personal identity'what am I?' and persistence through timeare answered ambiguously: which Stanley is the 'real' one, and why can't the liberating transformation integrate? The Jungian analysis suggests the problem: shadow release without integration leads to cycles of repression and explosion rather than wholeness. True psychological liberation requires acknowledging and integrating shadow aspects into conscious self, not merely releasing them periodically through external means. This contrasts with Eastern and sacred paths where unhinged consciousness serves as portal to permanent awakening, not temporary vacation from repression.",https://en.wikipedia.org/wiki/The_Mask_(film)    https://simplyputpsych.co.uk/mind-over-media/somebody-stop-me-a-jungian-dive-into-the-mask    https://plato.stanford.edu/entries/identity-personal/,2026-01-03,"Temporary release vs permanent integration: cyclical unhinged limitation"
44,THE MASK AS ID UNLEASHED - FREUDIAN DESTRUCTION,Destructive Chaos,Id,Persona,Psychology,"The Mask (1994) presents a vivid Freudian metaphor for the destructive branch of unhinged. Stanley Ipkiss's transformation represents the id unleashed repressed psyche that explodes outward through the artifact. Unlike the constructive liberation of Mila or Phaedrus, who integrate shadow and achieve higher consciousness, The Mask's transformation is pure id destruction without integration. Freud's structural model reveals unhinged as the moment when the ego's repressive barriers collapse and the id floods consciousness, but in The Mask this flood is chaotic and destructive rather than transformative. The character literally becomes a cartoon of his own desiresexaggerated, violent, and ultimately unsustainable. This mirrors the destructive chaos branch of unhinged: the hinges of reality break open, but instead of embracing the opening constructively, the subject descends into pure instinctual chaos that cannot be sustained in ordinary reality.",https://plato.stanford.edu/entries/freud/; https://en.wikipedia.org/wiki/The_Mask_(film); Jungian shadow integration principles.,2026-01-03,
45,EXTERNAL VS INTERNAL UNHINGING - THE MASK'S PHILOSOPHICAL PROBLEM,Destructive Chaos,Externalization,Personal Identity,Stanford Encyclopedia of Philosophy,"The Mask reveals a crucial philosophical problem in the concept of unhinged: the difference between externalizing transformation versus internalizing it. Stanley's unhinged state comes from an external artifactthe maskwhich removes the transformation from his own agency and psychological work. This contrasts with constructive unhinged states like Mila in La Belle Verte or biblical prophets, whose transformation arises from withinthrough consciousness expansion, divine encounter, or deep integration of shadow. SEP's discussion of personal identity and transformation highlights this distinction: genuine psychological integration requires the subject to own and incorporate transformation, whereas external artifacts like The Mask create temporary, borrowed identity states that cannot be sustained. The destructive chaos emerges precisely because the transformation is not integratedStanley cannot permanently inhabit his unhinged state because it doesn't belong to him psychologically. When the mask comes off, he collapses back into repression, revealing that true unhinged transformation must be internal, not external.",https://plato.stanford.edu/entries/identity-personal/; https://en.wikipedia.org/wiki/The_Mask_(film); Personal identity theory.,2026-01-03,
46,CARTOON REALITY - UNHINGED AS COLLAPSED CONSTRUCTS,Destructive Chaos,Reality,Perception,Surrealism,"The Mask's cartoon physics reveal a profound truth about the destructive branch of unhinged: reality itself becomes unhinged, but in a way that collapses rather than expands. When Stanley becomes The Mask, the world transforms into cartoon logichyper-exaggerated expressions, impossible physics, elastic bodies that stretch and deform. This is not the sacred time of Mila or the mythic consciousness of prophets; it is reality breaking down into absurdity. The film shows unhinged as a threshold where the ordinary laws of physics and perception lose their grip, but this loss manifests as chaotic impossibility rather than transcendent possibility. Jungian psychology connects this to the shadow's distortion of reality when unintegrated: the repressed self, when it explodes outward, warps perception into caricature. The cartoon world is unhinged as collapsereality's hinges break, and everything falls into absurd distortion. Compare this to the constructive unhinged of The Dude in The Big Lebowski, whose reality expands into a Zen flow state rather than collapsing into cartoon chaos.",Jungian shadow theory; Surrealism and reality distortion; https://en.wikipedia.org/wiki/The_Mask_(film); Perception philosophy.,2026-01-03,
47,Fear and Loathing in Las Vegas - Raoul Duke's Destructive Unhinged,Destructive Chaos,Nihilism|Absurdism|Drug-induced Chaos|Recoil from Void|American Dream Collapse,"Raoul Duke, Hunter S. Thompson's alter ego in 'Fear and Loathing in Las Vegas,' embodies the destructive chaos branch of the 'unhinged' concept through his drug-induced descent into madness as a recoil from meaninglessness. His journey to Las Vegas to chase the American Dream becomes a nihilistic spiral where every attempt to find purpose or truth is met with absurdity and chemical-induced distortion. Duke's behavior represents not liberation but destructive chaos violent rejection of societal norms that stems from recognizing the void at the heart of American culture post-1960s counterculture collapse. The novel connects deeply with nihilism and absurdism through Duke's trajectory. His drug-induced haze serves as both escape from and confrontation with meaninglessness. Key scenes like hallucinating giant bats in the desert, being kicked out of shows for disruptive behavior, and huffing ether in hotel rooms exemplify this destructive unhinged trajectory. The famous 'wave speech' captures this philosophical underpinning: Duke describes the 1960s as 'a very special time and place to be a part of... with the right kind of eyes you can almost see the high-water markthat place where the wave finally broke and rolled back.' Duke's response is not to rebuild but to embrace the wreckage through increasingly destructive behavior, making him a perfect embodiment of destructive unhingedness as recoil from the void.",https://en.wikipedia.org/wiki/Fear_and_Loathing_in_Las_Vegas|https://web.archive.org/web/20110307015848/http://blogs.villagevoice.com/runninscared/2011/03/the_american_dr.php#more,2026-01-06,Initial
